{
  "tool": "semgrep",
  "dataset": "owasp",
  "timestamp": "2026-07-14T00:12:41.508710+00:00",
  "line_tolerance": 3,
  "match_criteria": {
    "file_cwe": "same file AND same CWE",
    "line": "same file AND same CWE AND finding line within +/-3 of the labelled line (vulnerable entries only)"
  },
  "counts": {
    "ground_truth_entries": 400,
    "vulnerable": 206,
    "non_vulnerable": 194,
    "tool_findings": 351,
    "vulnerable_entries_with_line_labels": 0
  },
  "notes": [
    "line_match is null: no vulnerable ground-truth entry carries a line-level label, so strict line-match cannot be computed on this dataset (reported as PENDING, not fabricated)."
  ],
  "file_cwe_match": {
    "overall": {
      "tp": 167,
      "fp": 81,
      "fn": 39,
      "tn": 113,
      "precision": 0.6733870967741935,
      "recall": 0.8106796116504854,
      "f1": 0.73568281938326,
      "tpr": 0.8106796116504854,
      "fpr": 0.4175257731958763,
      "youden": 0.3931538384546091,
      "notes": []
    },
    "per_cwe": {
      "22": {
        "tp": 17,
        "fp": 14,
        "fn": 2,
        "tn": 6,
        "precision": 0.5483870967741935,
        "recall": 0.8947368421052632,
        "f1": 0.6799999999999999,
        "tpr": 0.8947368421052632,
        "fpr": 0.7,
        "youden": 0.1947368421052632,
        "notes": []
      },
      "78": {
        "tp": 18,
        "fp": 16,
        "fn": 0,
        "tn": 2,
        "precision": 0.5294117647058824,
        "recall": 1.0,
        "f1": 0.6923076923076924,
        "tpr": 1.0,
        "fpr": 0.8888888888888888,
        "youden": 0.11111111111111116,
        "notes": []
      },
      "79": {
        "tp": 30,
        "fp": 19,
        "fn": 6,
        "tn": 11,
        "precision": 0.6122448979591837,
        "recall": 0.8333333333333334,
        "f1": 0.7058823529411765,
        "tpr": 0.8333333333333334,
        "fpr": 0.6333333333333333,
        "youden": 0.20000000000000007,
        "notes": []
      },
      "89": {
        "tp": 37,
        "fp": 22,
        "fn": 3,
        "tn": 12,
        "precision": 0.6271186440677966,
        "recall": 0.925,
        "f1": 0.7474747474747475,
        "tpr": 0.925,
        "fpr": 0.6470588235294118,
        "youden": 0.27794117647058825,
        "notes": []
      },
      "90": {
        "tp": 4,
        "fp": 5,
        "fn": 0,
        "tn": 0,
        "precision": 0.4444444444444444,
        "recall": 1.0,
        "f1": 0.6153846153846153,
        "tpr": 1.0,
        "fpr": 1.0,
        "youden": 0.0,
        "notes": []
      },
      "327": {
        "tp": 0,
        "fp": 0,
        "fn": 19,
        "tn": 17,
        "precision": null,
        "recall": 0.0,
        "f1": null,
        "tpr": 0.0,
        "fpr": 0.0,
        "youden": 0.0,
        "notes": [
          "no positive predictions in this bucket; precision undefined"
        ]
      },
      "328": {
        "tp": 14,
        "fp": 0,
        "fn": 5,
        "tn": 16,
        "precision": 1.0,
        "recall": 0.7368421052631579,
        "f1": 0.8484848484848484,
        "tpr": 0.7368421052631579,
        "fpr": 0.0,
        "youden": 0.7368421052631579,
        "notes": []
      },
      "330": {
        "tp": 32,
        "fp": 0,
        "fn": 0,
        "tn": 40,
        "precision": 1.0,
        "recall": 1.0,
        "f1": 1.0,
        "tpr": 1.0,
        "fpr": 0.0,
        "youden": 1.0,
        "notes": []
      },
      "501": {
        "tp": 8,
        "fp": 2,
        "fn": 4,
        "tn": 4,
        "precision": 0.8,
        "recall": 0.6666666666666666,
        "f1": 0.7272727272727272,
        "tpr": 0.6666666666666666,
        "fpr": 0.3333333333333333,
        "youden": 0.3333333333333333,
        "notes": []
      },
      "614": {
        "tp": 5,
        "fp": 0,
        "fn": 0,
        "tn": 5,
        "precision": 1.0,
        "recall": 1.0,
        "f1": 1.0,
        "tpr": 1.0,
        "fpr": 0.0,
        "youden": 1.0,
        "notes": []
      },
      "643": {
        "tp": 2,
        "fp": 3,
        "fn": 0,
        "tn": 0,
        "precision": 0.4,
        "recall": 1.0,
        "f1": 0.5714285714285715,
        "tpr": 1.0,
        "fpr": 1.0,
        "youden": 0.0,
        "notes": []
      }
    }
  },
  "line_match": null,
  "findings_provenance": {
    "tool_version": "1.169.0",
    "config": "semgrep --config auto (Community Edition / CE; no Pro engine, no cross-file)",
    "edition": "CE",
    "invocation": "semgrep --config auto --json (metrics=on (required by auto)) <400 targets>",
    "target_root": "/Users/iankar/ai-pen-test/benchmark/datasets/BenchmarkJava",
    "dry_run": false,
    "timestamp": "2026-07-14T00:12:26.015869+00:00"
  }
}